weight,length
10,34.6569546721623
12,27.4398091503953
14,29.0448323587929
16,33.5089300092923
18,32.1046711927646
20,37.8255249697156
22,42.8501884288326
24,33.6239979309943
26,38.5782380003094
28,44.0164342208068
30,42.0502820734654
32,44.1067913568192
34,42.3798206756703
36,54.864066596294
38,52.0992310060197
40,52.0308612081447
42,43.0620248996237
44,53.5430663488532
46,62.7960317474414
48,53.4848250613871
50,61.2622430970805
